budget_over_255,attack,seed,source,target,source_asr_percent,source_asr_numerator,source_asr_denominator,ptr_percent,ptr_numerator,ptr_denominator,ctr_percent,ctr_numerator,ctr_denominator
2,noise,0,resnet18,resnet18,0.3679949532120702,35,9511,0.3679949532120702,35,9511,100.0,35,35
2,noise,0,resnet18,vgg16,0.3679949532120702,35,9511,0.3256597417181359,29,8905,0.0,0,18
2,noise,0,resnet18,mobilenet_v2,0.3679949532120702,35,9511,0.6567772619182425,58,8831,11.76470588235294,2,17
2,noise,0,vgg16,resnet18,0.23181366596754607,21,9059,0.15721504772599665,14,8905,0.0,0,19
2,noise,0,vgg16,vgg16,0.23181366596754607,21,9059,0.23181366596754607,21,9059,100.0,21,21
2,noise,0,vgg16,mobilenet_v2,0.23181366596754607,21,9059,0.7107072119305604,61,8583,13.333333333333334,2,15
2,noise,0,mobilenet_v2,resnet18,0.8336112037345782,75,8997,0.1925036802174159,17,8831,0.0,0,62
2,noise,0,mobilenet_v2,vgg16,0.8336112037345782,75,8997,0.2330187580100198,20,8583,1.7241379310344827,1,58
2,noise,0,mobilenet_v2,mobilenet_v2,0.8336112037345782,75,8997,0.8336112037345782,75,8997,100.0,75,75
2,fgsm,0,resnet18,resnet18,39.47008726737462,3754,9511,39.47008726737462,3754,9511,100.0,3754,3754
2,fgsm,0,resnet18,vgg16,39.47008726737462,3754,9511,7.231892195395845,644,8905,18.940106616494198,604,3189
2,fgsm,0,resnet18,mobilenet_v2,39.47008726737462,3754,9511,15.63809308119126,1381,8831,38.336,1198,3125
2,fgsm,0,vgg16,resnet18,52.68793465062369,4773,9059,10.926445816956766,973,8905,20.33751622674167,940,4622
2,fgsm,0,vgg16,vgg16,52.68793465062369,4773,9059,52.68793465062369,4773,9059,100.0,4773,4773
2,fgsm,0,vgg16,mobilenet_v2,52.68793465062369,4773,9059,18.01234999417453,1546,8583,32.199074074074076,1391,4320
2,fgsm,0,mobilenet_v2,resnet18,80.46015338446149,7239,8997,8.221039519873175,726,8831,10.219081272084805,723,7075
2,fgsm,0,mobilenet_v2,vgg16,80.46015338446149,7239,8997,5.184667365722941,445,8583,6.488940969679215,443,6827
2,fgsm,0,mobilenet_v2,mobilenet_v2,80.46015338446149,7239,8997,80.46015338446149,7239,8997,100.0,7239,7239
2,pgd,0,resnet18,resnet18,94.4905898433393,8987,9511,94.4905898433393,8987,9511,100.0,8987,8987
2,pgd,0,resnet18,vgg16,94.4905898433393,8987,9511,6.434587310499719,573,8905,6.8368929721990215,573,8381
2,pgd,0,resnet18,mobilenet_v2,94.4905898433393,8987,9511,21.537764692560298,1902,8831,22.884314433610207,1901,8307
2,pgd,0,vgg16,resnet18,72.9771497957832,6611,9059,15.395845030881528,1371,8905,20.98497754375097,1355,6457
2,pgd,0,vgg16,vgg16,72.9771497957832,6611,9059,72.9771497957832,6611,9059,100.0,6611,6611
2,pgd,0,vgg16,mobilenet_v2,72.9771497957832,6611,9059,22.859140160782943,1962,8583,30.770483792148557,1889,6139
2,pgd,0,mobilenet_v2,resnet18,99.89996665555185,8988,8997,10.055486354886197,888,8831,10.065744729086374,888,8822
2,pgd,0,mobilenet_v2,vgg16,99.89996665555185,8988,8997,4.81183735290691,413,8583,4.816888266853278,413,8574
2,pgd,0,mobilenet_v2,mobilenet_v2,99.89996665555185,8988,8997,99.89996665555185,8988,8997,100.0,8988,8988
4,noise,0,resnet18,resnet18,1.0514141520344864,100,9511,1.0514141520344864,100,9511,100.0,100,100
4,noise,0,resnet18,vgg16,1.0514141520344864,100,9511,0.7299270072992701,65,8905,11.538461538461538,6,52
4,noise,0,resnet18,mobilenet_v2,1.0514141520344864,100,9511,2.03827426112558,180,8831,25.0,14,56
4,noise,0,vgg16,resnet18,0.6733635059057291,61,9059,0.48287478944413254,43,8905,5.263157894736842,3,57
4,noise,0,vgg16,vgg16,0.6733635059057291,61,9059,0.6733635059057291,61,9059,100.0,61,61
4,noise,0,vgg16,mobilenet_v2,0.6733635059057291,61,9059,1.8874519398811604,162,8583,10.204081632653061,5,49
4,noise,0,mobilenet_v2,resnet18,2.5675225075025008,231,8997,0.6907484996036689,61,8831,7.462686567164178,15,201
4,noise,0,mobilenet_v2,vgg16,2.5675225075025008,231,8997,0.6058487708260515,52,8583,6.432748538011696,11,171
4,noise,0,mobilenet_v2,mobilenet_v2,2.5675225075025008,231,8997,2.5675225075025008,231,8997,100.0,231,231
4,fgsm,0,resnet18,resnet18,49.31132373041741,4690,9511,49.31132373041741,4690,9511,100.0,4690,4690
4,fgsm,0,resnet18,vgg16,49.31132373041741,4690,9511,15.204941044357104,1354,8905,30.97495745198152,1274,4113
4,fgsm,0,resnet18,mobilenet_v2,49.31132373041741,4690,9511,31.66119352281735,2796,8831,58.0517879161529,2354,4055
4,fgsm,0,vgg16,resnet18,74.59984545755603,6758,9059,30.308815272318924,2699,8905,40.44518473652332,2671,6604
4,fgsm,0,vgg16,vgg16,74.59984545755603,6758,9059,74.59984545755603,6758,9059,100.0,6758,6758
4,fgsm,0,vgg16,mobilenet_v2,74.59984545755603,6758,9059,40.53361295584295,3479,8583,52.87009063444109,3325,6289
4,fgsm,0,mobilenet_v2,resnet18,90.34122485272869,8128,8997,21.390555995923453,1889,8831,23.568558513309895,1877,7964
4,fgsm,0,mobilenet_v2,vgg16,90.34122485272869,8128,8997,12.408248864033556,1065,8583,13.708214563358384,1058,7718
4,fgsm,0,mobilenet_v2,mobilenet_v2,90.34122485272869,8128,8997,90.34122485272869,8128,8997,100.0,8128,8128
4,pgd,0,resnet18,resnet18,99.93691515087794,9505,9511,99.93691515087794,9505,9511,100.0,9505,9505
4,pgd,0,resnet18,vgg16,99.93691515087794,9505,9511,10.421111734980348,928,8905,10.428137993032925,928,8899
4,pgd,0,resnet18,mobilenet_v2,99.93691515087794,9505,9511,41.38829124674442,3655,8831,41.41643059490085,3655,8825
4,pgd,0,vgg16,resnet18,98.14549067225963,8891,9059,54.81190342504211,4881,8905,55.86585784594254,4881,8737
4,pgd,0,vgg16,vgg16,98.14549067225963,8891,9059,98.14549067225963,8891,9059,100.0,8891,8891
4,pgd,0,vgg16,mobilenet_v2,98.14549067225963,8891,9059,63.334498427123386,5436,8583,64.50386215092098,5428,8415
4,pgd,0,mobilenet_v2,resnet18,100.0,8997,8997,28.750990827765825,2539,8831,28.750990827765825,2539,8831
4,pgd,0,mobilenet_v2,vgg16,100.0,8997,8997,10.5674006757544,907,8583,10.5674006757544,907,8583
4,pgd,0,mobilenet_v2,mobilenet_v2,100.0,8997,8997,100.0,8997,8997,100.0,8997,8997
8,noise,0,resnet18,resnet18,3.8481757964462204,366,9511,3.8481757964462204,366,9511,100.0,366,366
8,noise,0,resnet18,vgg16,3.8481757964462204,366,9511,1.9427288040426725,173,8905,14.227642276422763,35,246
8,noise,0,resnet18,mobilenet_v2,3.8481757964462204,366,9511,8.934435511267127,789,8831,54.47154471544715,134,246
8,noise,0,vgg16,resnet18,2.1856717076940058,198,9059,2.6614261650757998,237,8905,24.324324324324326,45,185
8,noise,0,vgg16,vgg16,2.1856717076940058,198,9059,2.1856717076940058,198,9059,100.0,198,198
8,noise,0,vgg16,mobilenet_v2,2.1856717076940058,198,9059,7.584760573226144,651,8583,45.85987261146497,72,157
8,noise,0,mobilenet_v2,resnet18,9.158608425030566,824,8997,2.6497565394632545,234,8831,17.035110533159948,131,769
8,noise,0,mobilenet_v2,vgg16,9.158608425030566,824,8997,1.8058953745776534,155,8583,10.735294117647058,73,680
8,noise,0,mobilenet_v2,mobilenet_v2,9.158608425030566,824,8997,9.158608425030566,824,8997,100.0,824,824
8,fgsm,0,resnet18,resnet18,59.215645042582274,5632,9511,59.215645042582274,5632,9511,100.0,5632,5632
8,fgsm,0,resnet18,vgg16,59.215645042582274,5632,9511,30.00561482313307,2672,8905,48.43688167787891,2448,5054
8,fgsm,0,resnet18,mobilenet_v2,59.215645042582274,5632,9511,58.724946212206994,5186,8831,78.46,3923,5000
8,fgsm,0,vgg16,resnet18,86.93012473782979,7875,9059,54.92419988770354,4891,8905,62.47572186973974,4825,7723
8,fgsm,0,vgg16,vgg16,86.93012473782979,7875,9059,86.93012473782979,7875,9059,100.0,7875,7875
8,fgsm,0,vgg16,mobilenet_v2,86.93012473782979,7875,9059,64.38308283816848,5526,8583,71.94166891709425,5328,7406
8,fgsm,0,mobilenet_v2,resnet18,91.61942869845504,8243,8997,47.54840901370173,4199,8831,51.187824795842616,4137,8082
8,fgsm,0,mobilenet_v2,vgg16,91.61942869845504,8243,8997,30.5487591751136,2622,8583,32.92931870375096,2581,7838
8,fgsm,0,mobilenet_v2,mobilenet_v2,91.61942869845504,8243,8997,91.61942869845504,8243,8997,100.0,8243,8243
8,pgd,0,resnet18,resnet18,100.0,9511,9511,100.0,9511,9511,100.0,9511,9511
8,pgd,0,resnet18,vgg16,100.0,9511,9511,19.382369455362156,1726,8905,19.382369455362156,1726,8905
8,pgd,0,resnet18,mobilenet_v2,100.0,9511,9511,71.75857773751557,6337,8831,71.75857773751557,6337,8831
8,pgd,0,vgg16,resnet18,99.97792250800309,9057,9059,92.99270072992701,8281,8905,93.01359092440751,8281,8903
8,pgd,0,vgg16,vgg16,99.97792250800309,9057,9059,99.97792250800309,9057,9059,100.0,9057,9057
8,pgd,0,vgg16,mobilenet_v2,99.97792250800309,9057,9059,94.80368169637656,8137,8583,94.82577788136581,8137,8581
8,pgd,0,mobilenet_v2,resnet18,100.0,8997,8997,63.4582719963764,5604,8831,63.4582719963764,5604,8831
8,pgd,0,mobilenet_v2,vgg16,100.0,8997,8997,25.725270884306184,2208,8583,25.725270884306184,2208,8583
8,pgd,0,mobilenet_v2,mobilenet_v2,100.0,8997,8997,100.0,8997,8997,100.0,8997,8997
2,noise,1,resnet18,resnet18,0.3999578991685086,38,9501,0.3999578991685086,38,9501,100.0,38,38
2,noise,1,resnet18,vgg16,0.3999578991685086,38,9501,0.25918413342348434,23,8874,5.0,1,20
2,noise,1,resnet18,mobilenet_v2,0.3999578991685086,38,9501,0.5396896784348999,48,8894,5.555555555555555,1,18
2,noise,1,vgg16,resnet18,0.2101537440548612,19,9041,0.3042596348884381,27,8874,6.666666666666667,1,15
2,noise,1,vgg16,vgg16,0.2101537440548612,19,9041,0.2101537440548612,19,9041,100.0,19,19
2,noise,1,vgg16,mobilenet_v2,0.2101537440548612,19,9041,0.41914076143905,36,8589,8.333333333333332,1,12
2,noise,1,mobilenet_v2,resnet18,0.6624710168930109,60,9057,0.15740948954351247,14,8894,5.660377358490567,3,53
2,noise,1,mobilenet_v2,vgg16,0.6624710168930109,60,9057,0.18628478286179997,16,8589,2.564102564102564,1,39
2,noise,1,mobilenet_v2,mobilenet_v2,0.6624710168930109,60,9057,0.6624710168930109,60,9057,100.0,60,60
2,fgsm,1,resnet18,resnet18,38.78539101147248,3685,9501,38.78539101147248,3685,9501,100.0,3685,3685
2,fgsm,1,resnet18,vgg16,38.78539101147248,3685,9501,6.411990083389678,569,8874,16.82723185613359,524,3114
2,fgsm,1,resnet18,mobilenet_v2,38.78539101147248,3685,9501,15.729705419383855,1399,8894,39.38814531548757,1236,3138
2,fgsm,1,vgg16,resnet18,51.68676031412455,4673,9041,11.652017128690556,1034,8874,21.756487025948104,981,4509
2,fgsm,1,vgg16,vgg16,51.68676031412455,4673,9041,51.68676031412455,4673,9041,100.0,4673,4673
2,fgsm,1,vgg16,mobilenet_v2,51.68676031412455,4673,9041,17.999767144021423,1546,8589,33.1133631864247,1405,4243
2,fgsm,1,mobilenet_v2,resnet18,79.31986308932318,7184,9057,8.803687879469305,783,8894,11.081042586526134,778,7021
2,fgsm,1,mobilenet_v2,vgg16,79.31986308932318,7184,9057,4.7851903597624865,411,8589,6.089027839809439,409,6717
2,fgsm,1,mobilenet_v2,mobilenet_v2,79.31986308932318,7184,9057,79.31986308932318,7184,9057,100.0,7184,7184
2,pgd,1,resnet18,resnet18,94.14798442269235,8945,9501,94.14798442269235,8945,9501,100.0,8945,8945
2,pgd,1,resnet18,vgg16,94.14798442269235,8945,9501,5.645706558485463,501,8874,6.023082471748016,501,8318
2,pgd,1,resnet18,mobilenet_v2,94.14798442269235,8945,9501,21.621317742298178,1923,8894,23.03633529200144,1921,8339
2,pgd,1,vgg16,resnet18,71.0540869372857,6424,9041,15.877845391029973,1409,8874,22.11922646635768,1384,6257
2,pgd,1,vgg16,vgg16,71.0540869372857,6424,9041,71.0540869372857,6424,9041,100.0,6424,6424
2,pgd,1,vgg16,mobilenet_v2,71.0540869372857,6424,9041,23.53009663523111,2021,8589,32.59705488621151,1948,5976
2,pgd,1,mobilenet_v2,resnet18,99.83438224577674,9042,9057,11.131099617719812,990,8894,11.149904268498705,990,8879
2,pgd,1,mobilenet_v2,vgg16,99.83438224577674,9042,9057,4.389335196181162,377,8589,4.397014229064614,377,8574
2,pgd,1,mobilenet_v2,mobilenet_v2,99.83438224577674,9042,9057,99.83438224577674,9042,9057,100.0,9042,9042
4,noise,1,resnet18,resnet18,1.0525207872855489,100,9501,1.0525207872855489,100,9501,100.0,100,100
4,noise,1,resnet18,vgg16,1.0525207872855489,100,9501,0.6986702727067838,62,8874,8.771929824561402,5,57
4,noise,1,resnet18,mobilenet_v2,1.0525207872855489,100,9501,1.6977737800764563,151,8894,19.642857142857142,11,56
4,noise,1,vgg16,resnet18,0.6636434022785089,60,9041,0.8000901510029299,71,8874,8.0,4,50
4,noise,1,vgg16,vgg16,0.6636434022785089,60,9041,0.6636434022785089,60,9041,100.0,60,60
4,noise,1,vgg16,mobilenet_v2,0.6636434022785089,60,9041,1.4902782628943998,128,8589,9.30232558139535,4,43
4,noise,1,mobilenet_v2,resnet18,1.9984542342939164,181,9057,0.6071508882392624,54,8894,4.968944099378882,8,161
4,noise,1,mobilenet_v2,vgg16,1.9984542342939164,181,9057,0.43078356036791243,37,8589,6.976744186046512,9,129
4,noise,1,mobilenet_v2,mobilenet_v2,1.9984542342939164,181,9057,1.9984542342939164,181,9057,100.0,181,181
4,fgsm,1,resnet18,resnet18,47.35291021997685,4499,9501,47.35291021997685,4499,9501,100.0,4499,4499
4,fgsm,1,resnet18,vgg16,47.35291021997685,4499,9501,13.917061077304485,1235,8874,29.6220633299285,1160,3916
4,fgsm,1,resnet18,mobilenet_v2,47.35291021997685,4499,9501,30.200134922419608,2686,8894,57.96549974632167,2285,3942
4,fgsm,1,vgg16,resnet18,74.94746156398628,6776,9041,30.9781383817895,2749,8874,40.98955969133,2709,6609
4,fgsm,1,vgg16,vgg16,74.94746156398628,6776,9041,74.94746156398628,6776,9041,100.0,6776,6776
4,fgsm,1,vgg16,mobilenet_v2,74.94746156398628,6776,9041,40.400512283152864,3470,8589,53.01928548846032,3354,6326
4,fgsm,1,mobilenet_v2,resnet18,90.38312907143646,8186,9057,22.745671239037556,2023,8894,24.98753738783649,2005,8024
4,fgsm,1,mobilenet_v2,vgg16,90.38312907143646,8186,9057,12.364652462451973,1062,8589,13.66580310880829,1055,7720
4,fgsm,1,mobilenet_v2,mobilenet_v2,90.38312907143646,8186,9057,90.38312907143646,8186,9057,100.0,8186,8186
4,pgd,1,resnet18,resnet18,99.85264708978002,9487,9501,99.85264708978002,9487,9501,100.0,9487,9487
4,pgd,1,resnet18,vgg16,99.85264708978002,9487,9501,9.781383817894975,868,8874,9.796839729119638,868,8860
4,pgd,1,resnet18,mobilenet_v2,99.85264708978002,9487,9501,43.085225995052845,3832,8894,43.15315315315315,3832,8880
4,pgd,1,vgg16,resnet18,97.71043026213914,8834,9041,54.811809781383815,4864,8874,56.09784239067728,4862,8667
4,pgd,1,vgg16,vgg16,97.71043026213914,8834,9041,97.71043026213914,8834,9041,100.0,8834,8834
4,pgd,1,vgg16,mobilenet_v2,97.71043026213914,8834,9041,64.5127488648271,5541,8589,65.9627773801002,5529,8382
4,pgd,1,mobilenet_v2,resnet18,100.0,9057,9057,32.81987856982235,2919,8894,32.81987856982235,2919,8894
4,pgd,1,mobilenet_v2,vgg16,100.0,9057,9057,10.594947025264874,910,8589,10.594947025264874,910,8589
4,pgd,1,mobilenet_v2,mobilenet_v2,100.0,9057,9057,100.0,9057,9057,100.0,9057,9057
8,noise,1,resnet18,resnet18,3.504894221660878,333,9501,3.504894221660878,333,9501,100.0,333,333
8,noise,1,resnet18,vgg16,3.504894221660878,333,9501,1.679062429569529,149,8874,18.269230769230766,38,208
8,noise,1,resnet18,mobilenet_v2,3.504894221660878,333,9501,7.342028333708119,653,8894,49.519230769230774,103,208
8,noise,1,vgg16,resnet18,1.758655016038049,159,9041,2.603110209601082,231,8874,29.28571428571429,41,140
8,noise,1,vgg16,vgg16,1.758655016038049,159,9041,1.758655016038049,159,9041,100.0,159,159
8,noise,1,vgg16,mobilenet_v2,1.758655016038049,159,9041,6.822680172313424,586,8589,42.10526315789473,48,114
8,noise,1,mobilenet_v2,resnet18,7.806116815722645,707,9057,2.5185518326961995,224,8894,16.6412213740458,109,655
8,noise,1,mobilenet_v2,vgg16,7.806116815722645,707,9057,1.2923506811037373,111,8589,7.6923076923076925,44,572
8,noise,1,mobilenet_v2,mobilenet_v2,7.806116815722645,707,9057,7.806116815722645,707,9057,100.0,707,707
8,fgsm,1,resnet18,resnet18,56.762446058309656,5393,9501,56.762446058309656,5393,9501,100.0,5393,5393
8,fgsm,1,resnet18,vgg16,56.762446058309656,5393,9501,27.180527383367142,2412,8874,45.61148086522462,2193,4808
8,fgsm,1,resnet18,mobilenet_v2,56.762446058309656,5393,9501,56.734877445468854,5046,8894,77.45401942550114,3748,4839
8,fgsm,1,vgg16,resnet18,87.82214356818936,7940,9041,56.75005634437683,5036,8874,63.99073716711694,4974,7773
8,fgsm,1,vgg16,vgg16,87.82214356818936,7940,9041,87.82214356818936,7940,9041,100.0,7940,7940
8,fgsm,1,vgg16,mobilenet_v2,87.82214356818936,7940,9041,64.54767726161369,5544,8589,71.86332087560065,5384,7492
8,fgsm,1,mobilenet_v2,resnet18,91.79640057414154,8314,9057,47.357769282662474,4212,8894,50.64377682403433,4130,8155
8,fgsm,1,mobilenet_v2,vgg16,91.79640057414154,8314,9057,29.38642449644895,2524,8589,31.412213740458018,2469,7860
8,fgsm,1,mobilenet_v2,mobilenet_v2,91.79640057414154,8314,9057,91.79640057414154,8314,9057,100.0,8314,8314
8,pgd,1,resnet18,resnet18,100.0,9501,9501,100.0,9501,9501,100.0,9501,9501
8,pgd,1,resnet18,vgg16,100.0,9501,9501,18.154158215010142,1611,8874,18.154158215010142,1611,8874
8,pgd,1,resnet18,mobilenet_v2,100.0,9501,9501,72.3184169102766,6432,8894,72.3184169102766,6432,8894
8,pgd,1,vgg16,resnet18,99.9889392766287,9040,9041,92.81045751633987,8236,8874,92.82091738983434,8236,8873
8,pgd,1,vgg16,vgg16,99.9889392766287,9040,9041,99.9889392766287,9040,9041,100.0,9040,9040
8,pgd,1,vgg16,mobilenet_v2,99.9889392766287,9040,9041,95.61066480381884,8212,8589,95.62179785747554,8212,8588
8,pgd,1,mobilenet_v2,resnet18,100.0,9057,9057,68.74297279064537,6114,8894,68.74297279064537,6114,8894
8,pgd,1,mobilenet_v2,vgg16,100.0,9057,9057,25.81208522528816,2217,8589,25.81208522528816,2217,8589
8,pgd,1,mobilenet_v2,mobilenet_v2,100.0,9057,9057,100.0,9057,9057,100.0,9057,9057
2,noise,2,resnet18,resnet18,0.4411764705882353,42,9520,0.4411764705882353,42,9520,100.0,42,42
2,noise,2,resnet18,vgg16,0.4411764705882353,42,9520,0.23534685643841757,21,8923,3.8461538461538463,1,26
2,noise,2,resnet18,mobilenet_v2,0.4411764705882353,42,9520,0.6423982869379015,57,8873,0.0,0,24
2,noise,2,vgg16,resnet18,0.34110915492957744,31,9088,0.32500280174829094,29,8923,3.8461538461538463,1,26
2,noise,2,vgg16,vgg16,0.34110915492957744,31,9088,0.34110915492957744,31,9088,100.0,31,31
2,noise,2,vgg16,mobilenet_v2,0.34110915492957744,31,9088,0.5452436194895591,47,8620,0.0,0,17
2,noise,2,mobilenet_v2,resnet18,0.7745076344323966,70,9038,0.22540290769750929,20,8873,0.0,0,54
2,noise,2,mobilenet_v2,vgg16,0.7745076344323966,70,9038,0.22041763341067283,19,8620,2.631578947368421,1,38
2,noise,2,mobilenet_v2,mobilenet_v2,0.7745076344323966,70,9038,0.7745076344323966,70,9038,100.0,70,70
2,fgsm,2,resnet18,resnet18,40.15756302521009,3823,9520,40.15756302521009,3823,9520,100.0,3823,3823
2,fgsm,2,resnet18,vgg16,40.15756302521009,3823,9520,6.264709178527402,559,8923,16.416539050535988,536,3265
2,fgsm,2,resnet18,mobilenet_v2,40.15756302521009,3823,9520,15.924715428829032,1413,8873,38.51414361206093,1239,3217
2,fgsm,2,vgg16,resnet18,51.6175176056338,4691,9088,10.680264485038665,953,8923,20.163427561837455,913,4528
2,fgsm,2,vgg16,vgg16,51.6175176056338,4691,9088,51.6175176056338,4691,9088,100.0,4691,4691
2,fgsm,2,vgg16,mobilenet_v2,51.6175176056338,4691,9088,18.65429234338747,1608,8620,34.58912173298799,1469,4247
2,fgsm,2,mobilenet_v2,resnet18,80.16154016375305,7245,9038,8.452609038656599,750,8873,10.55084745762712,747,7080
2,fgsm,2,mobilenet_v2,vgg16,80.16154016375305,7245,9038,4.849187935034803,418,8620,6.12095475179382,418,6829
2,fgsm,2,mobilenet_v2,mobilenet_v2,80.16154016375305,7245,9038,80.16154016375305,7245,9038,100.0,7245,7245
2,pgd,2,resnet18,resnet18,94.75840336134453,9021,9520,94.75840336134453,9021,9520,100.0,9021,9021
2,pgd,2,resnet18,vgg16,94.75840336134453,9021,9520,5.435391684411073,485,8923,5.7573599240265905,485,8424
2,pgd,2,resnet18,mobilenet_v2,94.75840336134453,9021,9520,21.67248957511552,1923,8873,22.951994267972296,1922,8374
2,pgd,2,vgg16,resnet18,71.17077464788733,6468,9088,15.062198812058725,1344,8923,21.148659368554657,1333,6303
2,pgd,2,vgg16,vgg16,71.17077464788733,6468,9088,71.17077464788733,6468,9088,100.0,6468,6468
2,pgd,2,vgg16,mobilenet_v2,71.17077464788733,6468,9088,23.49187935034803,2025,8620,32.5503914709312,1954,6003
2,pgd,2,mobilenet_v2,resnet18,99.8229696835583,9022,9038,11.179984221796461,992,8873,11.20018064807497,992,8857
2,pgd,2,mobilenet_v2,vgg16,99.8229696835583,9022,9038,4.6287703016241295,399,8620,4.637377963737797,399,8604
2,pgd,2,mobilenet_v2,mobilenet_v2,99.8229696835583,9022,9038,99.8229696835583,9022,9038,100.0,9022,9022
4,noise,2,resnet18,resnet18,1.0399159663865545,99,9520,1.0399159663865545,99,9520,100.0,99,99
4,noise,2,resnet18,vgg16,1.0399159663865545,99,9520,0.5603496581867086,50,8923,3.508771929824561,2,57
4,noise,2,resnet18,mobilenet_v2,1.0399159663865545,99,9520,1.5890904992674406,141,8873,23.214285714285715,13,56
4,noise,2,vgg16,resnet18,0.7152288732394366,65,9088,0.7732825282976578,69,8923,14.814814814814813,8,54
4,noise,2,vgg16,vgg16,0.7152288732394366,65,9088,0.7152288732394366,65,9088,100.0,65,65
4,noise,2,vgg16,mobilenet_v2,0.7152288732394366,65,9088,1.6241299303944314,140,8620,7.142857142857142,3,42
4,noise,2,mobilenet_v2,resnet18,2.1686213764107105,196,9038,0.6198579961681505,55,8873,7.926829268292683,13,164
4,noise,2,mobilenet_v2,vgg16,2.1686213764107105,196,9038,0.4872389791183295,42,8620,6.0606060606060606,8,132
4,noise,2,mobilenet_v2,mobilenet_v2,2.1686213764107105,196,9038,2.1686213764107105,196,9038,100.0,196,196
4,fgsm,2,resnet18,resnet18,49.47478991596639,4710,9520,49.47478991596639,4710,9520,100.0,4710,4710
4,fgsm,2,resnet18,vgg16,49.47478991596639,4710,9520,13.392356830662333,1195,8923,27.615366030442136,1143,4139
4,fgsm,2,resnet18,mobilenet_v2,49.47478991596639,4710,9520,31.88324129381269,2829,8873,58.467545143972664,2396,4098
4,fgsm,2,vgg16,resnet18,74.37279929577466,6759,9088,29.552840972767008,2637,8923,39.52994692949204,2607,6595
4,fgsm,2,vgg16,vgg16,74.37279929577466,6759,9088,74.37279929577466,6759,9088,100.0,6759,6759
4,fgsm,2,vgg16,mobilenet_v2,74.37279929577466,6759,9088,40.614849187935036,3501,8620,53.264495631453535,3353,6295
4,fgsm,2,mobilenet_v2,resnet18,91.56893117946449,8276,9038,22.472669897441676,1994,8873,24.423622241400565,1981,8111
4,fgsm,2,mobilenet_v2,vgg16,91.56893117946449,8276,9038,12.157772621809745,1048,8620,13.284132841328415,1044,7859
4,fgsm,2,mobilenet_v2,mobilenet_v2,91.56893117946449,8276,9038,91.56893117946449,8276,9038,100.0,8276,8276
4,pgd,2,resnet18,resnet18,99.93697478991596,9514,9520,99.93697478991596,9514,9520,100.0,9514,9514
4,pgd,2,resnet18,vgg16,99.93697478991596,9514,9520,8.752661660876388,781,8923,8.758551082202533,781,8917
4,pgd,2,resnet18,mobilenet_v2,99.93697478991596,9514,9520,42.73639129944776,3792,8873,42.76530957482802,3792,8867
4,pgd,2,vgg16,resnet18,97.93133802816901,8900,9088,53.95046509021629,4814,8923,55.11161991986262,4814,8735
4,pgd,2,vgg16,vgg16,97.93133802816901,8900,9088,97.93133802816901,8900,9088,100.0,8900,8900
4,pgd,2,vgg16,mobilenet_v2,97.93133802816901,8900,9088,65.64965197215777,5659,8620,66.95920303605313,5646,8432
4,pgd,2,mobilenet_v2,resnet18,100.0,9038,9038,33.83297644539615,3002,8873,33.83297644539615,3002,8873
4,pgd,2,mobilenet_v2,vgg16,100.0,9038,9038,10.904872389791183,940,8620,10.904872389791183,940,8620
4,pgd,2,mobilenet_v2,mobilenet_v2,100.0,9038,9038,100.0,9038,9038,100.0,9038,9038
8,noise,2,resnet18,resnet18,3.2878151260504205,313,9520,3.2878151260504205,313,9520,100.0,313,313
8,noise,2,resnet18,vgg16,3.2878151260504205,313,9520,1.568979042922784,140,8923,17.894736842105264,34,190
8,noise,2,resnet18,mobilenet_v2,3.2878151260504205,313,9520,7.381945227093429,655,8873,49.0,98,200
8,noise,2,vgg16,resnet18,1.7275528169014085,157,9088,2.2750196122380366,203,8923,21.48148148148148,29,135
8,noise,2,vgg16,vgg16,1.7275528169014085,157,9088,1.7275528169014085,157,9088,100.0,157,157
8,noise,2,vgg16,mobilenet_v2,1.7275528169014085,157,9088,6.716937354988399,579,8620,36.36363636363637,40,110
8,noise,2,mobilenet_v2,resnet18,8.14339455631777,736,9038,2.2765693677448438,202,8873,15.12481644640235,103,681
8,noise,2,mobilenet_v2,vgg16,8.14339455631777,736,9038,1.2529002320185616,108,8620,8.79864636209814,52,591
8,noise,2,mobilenet_v2,mobilenet_v2,8.14339455631777,736,9038,8.14339455631777,736,9038,100.0,736,736
8,fgsm,2,resnet18,resnet18,59.64285714285714,5678,9520,59.64285714285714,5678,9520,100.0,5678,5678
8,fgsm,2,resnet18,vgg16,59.64285714285714,5678,9520,26.213157009974225,2339,8923,42.4633431085044,2172,5115
8,fgsm,2,resnet18,mobilenet_v2,59.64285714285714,5678,9520,59.427476614448324,5273,8873,78.53620043401065,3981,5069
8,fgsm,2,vgg16,resnet18,87.1919014084507,7924,9088,54.14098397399978,4831,8923,61.61082474226804,4781,7760
8,fgsm,2,vgg16,vgg16,87.1919014084507,7924,9088,87.1919014084507,7924,9088,100.0,7924,7924
8,fgsm,2,vgg16,mobilenet_v2,87.1919014084507,7924,9088,65.707656612529,5664,8620,72.94180745508179,5440,7458
8,fgsm,2,mobilenet_v2,resnet18,92.67537065722506,8376,9038,47.19936887185845,4188,8873,50.2008520998174,4124,8215
8,fgsm,2,mobilenet_v2,vgg16,92.67537065722506,8376,9038,28.08584686774942,2421,8620,29.740243443342955,2370,7969
8,fgsm,2,mobilenet_v2,mobilenet_v2,92.67537065722506,8376,9038,92.67537065722506,8376,9038,100.0,8376,8376
8,pgd,2,resnet18,resnet18,100.0,9520,9520,100.0,9520,9520,100.0,9520,9520
8,pgd,2,resnet18,vgg16,100.0,9520,9520,16.732040793455116,1493,8923,16.732040793455116,1493,8923
8,pgd,2,resnet18,mobilenet_v2,100.0,9520,9520,72.72624816860137,6453,8873,72.72624816860137,6453,8873
8,pgd,2,vgg16,resnet18,99.97799295774648,9086,9088,92.40165863498824,8245,8923,92.42237417329896,8245,8921
8,pgd,2,vgg16,vgg16,99.97799295774648,9086,9088,99.97799295774648,9086,9088,100.0,9086,9086
8,pgd,2,vgg16,mobilenet_v2,99.97799295774648,9086,9088,95.2784222737819,8213,8620,95.30053376653515,8213,8618
8,pgd,2,mobilenet_v2,resnet18,100.0,9038,9038,70.60746083624478,6265,8873,70.60746083624478,6265,8873
8,pgd,2,mobilenet_v2,vgg16,100.0,9038,9038,26.2877030162413,2266,8620,26.2877030162413,2266,8620
8,pgd,2,mobilenet_v2,mobilenet_v2,100.0,9038,9038,100.0,9038,9038,100.0,9038,9038
